student_id,student_name,gender,department,cgpa,attendance_percentage,graduation_year
1001,Student_1001,Male,CSE,8.69,75,2025
1002,Student_1002,Male,ECE,8.67,94,2025
1003,Student_1003,Male,Civil,7.31,61,2025
1004,Student_1004,Male,ECE,6.5,98,2025
1005,Student_1005,Male,Civil,6.36,94,2025
1006,Student_1006,Female,ECE,7.43,77,2025
1007,Student_1007,Male,ECE,8.5,81,2025
1008,Student_1008,Female,ECE,6.43,81,2025
1009,Student_1009,Male,CSE,7.13,82,2025
1010,Student_1010,Female,Civil,6.64,62,2025
1011,Student_1011,Female,Civil,6.04,84,2025
1012,Student_1012,Male,Civil,6.76,83,2025
1013,Student_1013,Male,IT,5.8,74,2025
1014,Student_1014,Female,CSE,9.18,66,2025
1015,Student_1015,Female,EEE,7.45,83,2025
1016,Student_1016,Male,EEE,7.03,77,2025
1017,Student_1017,Male,Civil,8.23,94,2025
1018,Student_1018,Male,ECE,7.49,77,2025
1019,Student_1019,Male,IT,6.89,63,2025
1020,Student_1020,Male,CSE,8.96,85,2025
1021,Student_1021,Female,CSE,6.41,96,2025
1022,Student_1022,Female,ECE,8.32,85,2025
1023,Student_1023,Female,ECE,6.64,75,2025
1024,Student_1024,Female,IT,8.01,97,2025
1025,Student_1025,Female,EEE,6.44,68,2025
1026,Student_1026,Female,CSE,8.75,67,2025
1027,Student_1027,Male,IT,6.19,87,2025
1028,Student_1028,Male,Mechanical,7.14,89,2025
1029,Student_1029,Female,Civil,9.2,60,2025
1030,Student_1030,Male,IT,9.3,77,2025
1031,Student_1031,Female,CSE,6.76,70,2025
1032,Student_1032,Female,CSE,9.6,76,2025
1033,Student_1033,Male,Civil,9.42,79,2025
1034,Student_1034,Male,ECE,7.11,70,2025
1035,Student_1035,Male,Civil,6.89,61,2025
1036,Student_1036,Male,EEE,9.28,79,2025
1037,Student_1037,Male,CSE,6.54,96,2025
1038,Student_1038,Male,CSE,8.65,64,2025
1039,Student_1039,Male,ECE,8.34,95,2025
1040,Student_1040,Male,EEE,7.77,98,2025
1041,Student_1041,Female,ECE,9.49,72,2025
1042,Student_1042,Female,Mechanical,9.78,83,2025
1043,Student_1043,Female,Civil,7.44,75,2025
1044,Student_1044,Male,CSE,6.95,97,2025
1045,Student_1045,Male,Civil,6.45,64,2025
1046,Student_1046,Male,ECE,5.79,62,2025
1047,Student_1047,Female,CSE,7.71,77,2025
1048,Student_1048,Female,ECE,7.82,96,2025
1049,Student_1049,Female,ECE,8.87,86,2025
1050,Student_1050,Male,CSE,5.92,87,2025
1051,Student_1051,Female,Mechanical,7.27,63,2025
1052,Student_1052,Male,CSE,7.23,81,2025
1053,Student_1053,Male,ECE,6.32,94,2025
1054,Student_1054,Female,ECE,7.31,77,2025
1055,Student_1055,Female,ECE,9.26,64,2025
1056,Student_1056,Female,Civil,5.92,94,2025
1057,Student_1057,Male,CSE,9.48,75,2025
1058,Student_1058,Male,Mechanical,7.59,73,2025
1059,Student_1059,Female,CSE,6.21,60,2025
1060,Student_1060,Female,EEE,9.48,89,2025
1061,Student_1061,Female,Mechanical,8.5,95,2025
1062,Student_1062,Female,ECE,6.32,73,2025
1063,Student_1063,Male,Civil,8.66,63,2025
1064,Student_1064,Female,CSE,5.72,90,2025
1065,Student_1065,Male,CSE,9.63,65,2025
1066,Student_1066,Male,CSE,8.06,75,2025
1067,Student_1067,Female,CSE,9.55,96,2025
1068,Student_1068,Male,Civil,8.06,65,2025
1069,Student_1069,Female,IT,8.01,93,2025
1070,Student_1070,Female,EEE,6.38,80,2025
1071,Student_1071,Male,EEE,7.2,79,2025
1072,Student_1072,Female,EEE,9.49,64,2025
1073,Student_1073,Male,Mechanical,8.17,96,2025
1074,Student_1074,Male,CSE,7.81,92,2025
1075,Student_1075,Female,ECE,9.51,64,2025
1076,Student_1076,Male,EEE,6.73,88,2025
1077,Student_1077,Female,Civil,9.73,93,2025
1078,Student_1078,Male,IT,9.01,79,2025
1079,Student_1079,Male,ECE,6.64,66,2025
1080,Student_1080,Male,EEE,6.71,73,2025
1081,Student_1081,Female,ECE,8.46,76,2025
1082,Student_1082,Female,EEE,9.39,63,2025
1083,Student_1083,Male,IT,7.32,77,2025
1084,Student_1084,Male,CSE,6.93,68,2025
1085,Student_1085,Female,ECE,8.69,95,2025
1086,Student_1086,Female,Civil,5.54,64,2025
1087,Student_1087,Male,Civil,5.65,83,2025
1088,Student_1088,Male,Mechanical,6.05,79,2025
1089,Student_1089,Female,CSE,9.37,73,2025
1090,Student_1090,Male,IT,5.94,95,2025
1091,Student_1091,Female,Civil,8.72,75,2025
1092,Student_1092,Male,ECE,9.29,61,2025
1093,Student_1093,Male,IT,9.48,86,2025
1094,Student_1094,Male,EEE,6.18,66,2025
1095,Student_1095,Female,CSE,9.19,74,2025
1096,Student_1096,Male,Mechanical,7,74,2025
1097,Student_1097,Male,CSE,8.34,85,2025
1098,Student_1098,Female,EEE,9.22,77,2025
1099,Student_1099,Female,IT,7.69,94,2025
1100,Student_1100,Female,CSE,6,76,2025
1101,Student_1101,Male,Civil,9.64,76,2025
1102,Student_1102,Male,CSE,8.07,82,2025
1103,Student_1103,Female,Mechanical,8.11,92,2025
1104,Student_1104,Male,Mechanical,9.37,72,2025
1105,Student_1105,Female,CSE,8.55,60,2025
1106,Student_1106,Male,EEE,7.35,81,2025
1107,Student_1107,Female,IT,9.15,79,2025
1108,Student_1108,Female,IT,7.26,85,2025
1109,Student_1109,Female,Civil,6.05,86,2025
1110,Student_1110,Female,IT,8.72,71,2025
1111,Student_1111,Female,Mechanical,7.86,60,2025
1112,Student_1112,Female,EEE,6.4,97,2025
1113,Student_1113,Female,Mechanical,7.4,73,2025
1114,Student_1114,Female,IT,6.23,65,2025
1115,Student_1115,Female,Civil,8.35,81,2025
1116,Student_1116,Male,ECE,8.39,74,2025
1117,Student_1117,Male,ECE,5.61,75,2025
1118,Student_1118,Female,Civil,9.15,64,2025
1119,Student_1119,Female,Mechanical,9.31,96,2025
1120,Student_1120,Male,IT,8.49,91,2025
1121,Student_1121,Female,ECE,6.13,60,2025
1122,Student_1122,Male,Mechanical,6.44,93,2025
1123,Student_1123,Female,CSE,7.9,67,2025
1124,Student_1124,Female,ECE,8.95,93,2025
1125,Student_1125,Female,Mechanical,8.13,92,2025
1126,Student_1126,Female,Civil,7.42,70,2025
1127,Student_1127,Female,Mechanical,6.61,75,2025
1128,Student_1128,Female,Civil,7.58,75,2025
1129,Student_1129,Female,Mechanical,5.83,78,2025
1130,Student_1130,Male,EEE,6.94,94,2025
1131,Student_1131,Male,ECE,6.15,84,2025
1132,Student_1132,Male,IT,6.42,86,2025
1133,Student_1133,Female,EEE,7.83,86,2025
1134,Student_1134,Male,ECE,9.08,84,2025
1135,Student_1135,Male,Civil,7.14,60,2025
1136,Student_1136,Female,EEE,8.74,86,2025
1137,Student_1137,Male,Mechanical,6.44,87,2025
1138,Student_1138,Female,CSE,7.17,85,2025
1139,Student_1139,Male,Mechanical,9.45,94,2025
1140,Student_1140,Male,Mechanical,8.05,61,2025
1141,Student_1141,Male,IT,7.34,89,2025
1142,Student_1142,Male,CSE,6.62,80,2025
1143,Student_1143,Male,Mechanical,6.91,84,2025
1144,Student_1144,Female,Mechanical,6.58,65,2025
1145,Student_1145,Female,CSE,8.72,63,2025
1146,Student_1146,Female,ECE,8.3,62,2025
1147,Student_1147,Male,ECE,6.36,61,2025
1148,Student_1148,Male,ECE,6.04,67,2025
1149,Student_1149,Male,Mechanical,8.51,83,2025
1150,Student_1150,Male,Civil,8.11,67,2025
1151,Student_1151,Male,EEE,5.96,61,2025
1152,Student_1152,Female,Civil,8.41,84,2025
1153,Student_1153,Female,IT,6.35,97,2025
1154,Student_1154,Male,CSE,8.5,79,2025
1155,Student_1155,Male,Civil,8.87,82,2025
1156,Student_1156,Female,IT,7.09,92,2025
1157,Student_1157,Female,CSE,9.15,91,2025
1158,Student_1158,Male,Mechanical,9.63,89,2025
1159,Student_1159,Male,Mechanical,6.26,93,2025
1160,Student_1160,Female,Civil,8.98,94,2025
1161,Student_1161,Female,Mechanical,7.37,97,2025
1162,Student_1162,Female,EEE,9.16,65,2025
1163,Student_1163,Female,Mechanical,6.55,89,2025
1164,Student_1164,Female,EEE,5.62,80,2025
1165,Student_1165,Male,Mechanical,6.41,76,2025
1166,Student_1166,Female,EEE,9.29,77,2025
1167,Student_1167,Male,Civil,9.58,65,2025
1168,Student_1168,Male,IT,7.25,95,2025
1169,Student_1169,Male,IT,7.55,91,2025
1170,Student_1170,Female,CSE,5.9,74,2025
1171,Student_1171,Female,IT,6.55,97,2025
1172,Student_1172,Female,Mechanical,7.88,82,2025
1173,Student_1173,Female,IT,7.87,82,2025
1174,Student_1174,Female,EEE,6.82,74,2025
1175,Student_1175,Male,IT,6.33,67,2025
1176,Student_1176,Male,ECE,6.43,90,2025
1177,Student_1177,Female,IT,8.04,93,2025
1178,Student_1178,Female,CSE,9.08,78,2025
1179,Student_1179,Male,EEE,6.27,60,2025
1180,Student_1180,Male,EEE,5.7,63,2025
1181,Student_1181,Female,IT,9.56,91,2025
1182,Student_1182,Male,CSE,7.97,90,2025
1183,Student_1183,Female,Mechanical,6.97,63,2025
1184,Student_1184,Female,Mechanical,5.99,64,2025
1185,Student_1185,Female,Mechanical,5.82,63,2025
1186,Student_1186,Male,ECE,8.99,79,2025
1187,Student_1187,Male,ECE,6.01,86,2025
1188,Student_1188,Male,Civil,7.14,88,2025
1189,Student_1189,Female,Civil,9.76,79,2025
1190,Student_1190,Male,Civil,9.63,66,2025
1191,Student_1191,Male,IT,6.41,65,2025
1192,Student_1192,Male,ECE,6.25,64,2025
1193,Student_1193,Male,CSE,7.26,98,2025
1194,Student_1194,Female,EEE,5.64,78,2025
1195,Student_1195,Female,IT,9.2,64,2025
1196,Student_1196,Male,EEE,8.89,97,2025
1197,Student_1197,Male,Mechanical,5.99,74,2025
1198,Student_1198,Male,EEE,9.05,64,2025
1199,Student_1199,Male,ECE,8.91,98,2025
1200,Student_1200,Female,Mechanical,6.03,79,2025
1201,Student_1201,Female,EEE,7.65,91,2025
1202,Student_1202,Female,CSE,8.07,87,2025
1203,Student_1203,Female,Civil,6.58,65,2025
1204,Student_1204,Male,IT,9.09,96,2025
1205,Student_1205,Male,IT,9.03,96,2025
1206,Student_1206,Male,ECE,7.52,88,2025
1207,Student_1207,Female,ECE,9.79,87,2025
1208,Student_1208,Female,CSE,7.52,86,2025
1209,Student_1209,Female,EEE,8.38,70,2025
1210,Student_1210,Female,Mechanical,8.48,78,2025
1211,Student_1211,Female,Civil,5.66,65,2025
1212,Student_1212,Female,EEE,6.89,85,2025
1213,Student_1213,Male,IT,9.24,89,2025
1214,Student_1214,Female,CSE,6.31,83,2025
1215,Student_1215,Female,IT,7.4,63,2025
1216,Student_1216,Male,EEE,7.86,78,2025
1217,Student_1217,Female,IT,7.58,61,2025
1218,Student_1218,Male,IT,6.18,95,2025
1219,Student_1219,Male,Civil,7.25,74,2025
1220,Student_1220,Male,Mechanical,9.57,69,2025
1221,Student_1221,Female,IT,6.76,77,2025
1222,Student_1222,Female,Mechanical,9.72,75,2025
1223,Student_1223,Female,Civil,6.12,72,2025
1224,Student_1224,Male,CSE,6.69,86,2025
1225,Student_1225,Female,Civil,6.65,60,2025
1226,Student_1226,Female,IT,6.78,97,2025
1227,Student_1227,Female,ECE,7.42,90,2025
1228,Student_1228,Female,EEE,7.87,94,2025
1229,Student_1229,Female,Mechanical,9.51,72,2025
1230,Student_1230,Male,Civil,7.15,86,2025
1231,Student_1231,Male,EEE,8.7,84,2025
1232,Student_1232,Female,IT,8.91,69,2025
1233,Student_1233,Female,CSE,6.04,97,2025
1234,Student_1234,Female,CSE,9.26,88,2025
1235,Student_1235,Male,Civil,9.41,60,2025
1236,Student_1236,Male,Mechanical,9.25,69,2025
1237,Student_1237,Male,Mechanical,8.86,76,2025
1238,Student_1238,Female,Civil,8.48,65,2025
1239,Student_1239,Female,IT,9.2,84,2025
1240,Student_1240,Female,IT,8.59,91,2025
1241,Student_1241,Male,Civil,5.79,78,2025
1242,Student_1242,Male,IT,5.89,66,2025
1243,Student_1243,Male,Mechanical,6.22,79,2025
1244,Student_1244,Male,CSE,6.89,63,2025
1245,Student_1245,Female,EEE,7.11,69,2025
1246,Student_1246,Male,Civil,7.27,71,2025
1247,Student_1247,Male,ECE,5.84,84,2025
1248,Student_1248,Male,Mechanical,9.43,69,2025
1249,Student_1249,Male,Mechanical,8.24,89,2025
1250,Student_1250,Female,IT,5.54,89,2025
1251,Student_1251,Female,IT,7.85,64,2025
1252,Student_1252,Female,EEE,9.75,79,2025
1253,Student_1253,Female,IT,6.58,79,2025
1254,Student_1254,Male,Mechanical,9.17,66,2025
1255,Student_1255,Male,Mechanical,7.96,96,2025
1256,Student_1256,Female,IT,6.77,85,2025
1257,Student_1257,Female,CSE,7.93,63,2025
1258,Student_1258,Female,EEE,8.84,74,2025
1259,Student_1259,Female,ECE,8.24,76,2025
1260,Student_1260,Male,IT,5.92,62,2025
1261,Student_1261,Female,Mechanical,5.64,83,2025
1262,Student_1262,Male,CSE,9.41,80,2025
1263,Student_1263,Female,ECE,6.36,94,2025
1264,Student_1264,Female,Civil,7.66,77,2025
1265,Student_1265,Male,EEE,9.43,90,2025
1266,Student_1266,Female,IT,9.24,67,2025
1267,Student_1267,Female,CSE,6.11,74,2025
1268,Student_1268,Female,Civil,7.07,85,2025
1269,Student_1269,Male,EEE,7.81,89,2025
1270,Student_1270,Female,IT,8.72,76,2025
1271,Student_1271,Female,IT,9.54,66,2025
1272,Student_1272,Male,Mechanical,5.61,95,2025
1273,Student_1273,Female,Civil,6.45,64,2025
1274,Student_1274,Female,IT,6.8,86,2025
1275,Student_1275,Male,ECE,5.69,62,2025
1276,Student_1276,Female,Mechanical,6,75,2025
1277,Student_1277,Male,Mechanical,7.45,94,2025
1278,Student_1278,Female,Civil,8.69,69,2025
1279,Student_1279,Female,IT,5.93,91,2025
1280,Student_1280,Female,EEE,5.64,83,2025
1281,Student_1281,Male,Mechanical,7.41,75,2025
1282,Student_1282,Female,CSE,9.72,83,2025
1283,Student_1283,Female,CSE,7.21,72,2025
1284,Student_1284,Male,Mechanical,5.89,73,2025
1285,Student_1285,Male,CSE,8.88,75,2025
1286,Student_1286,Male,Civil,6.38,95,2025
1287,Student_1287,Male,Civil,6.43,74,2025
1288,Student_1288,Female,ECE,8.89,98,2025
1289,Student_1289,Male,EEE,9.19,69,2025
1290,Student_1290,Male,Civil,6.58,71,2025
1291,Student_1291,Male,IT,9.23,68,2025
1292,Student_1292,Male,EEE,8.9,75,2025
1293,Student_1293,Female,CSE,6.25,63,2025
1294,Student_1294,Male,IT,7.31,67,2025
1295,Student_1295,Male,Mechanical,7.43,83,2025
1296,Student_1296,Male,Mechanical,7.67,62,2025
1297,Student_1297,Female,Mechanical,8.27,61,2025
1298,Student_1298,Male,Mechanical,9.14,87,2025
1299,Student_1299,Male,Mechanical,8.56,88,2025
1300,Student_1300,Male,CSE,6.89,69,2025
1301,Student_1301,Male,ECE,6.68,97,2025
1302,Student_1302,Female,Mechanical,9.78,93,2025
1303,Student_1303,Female,Mechanical,7.67,87,2025
1304,Student_1304,Male,IT,5.99,95,2025
1305,Student_1305,Male,Mechanical,7.44,74,2025
1306,Student_1306,Female,EEE,9.06,85,2025
1307,Student_1307,Female,IT,5.91,87,2025
1308,Student_1308,Female,IT,6.6,69,2025
1309,Student_1309,Female,CSE,5.89,65,2025
1310,Student_1310,Male,Mechanical,5.92,83,2025
1311,Student_1311,Male,Civil,5.76,95,2025
1312,Student_1312,Female,IT,6.03,82,2025
1313,Student_1313,Female,IT,5.72,78,2025
1314,Student_1314,Female,EEE,5.95,92,2025
1315,Student_1315,Male,ECE,8.32,74,2025
1316,Student_1316,Male,EEE,9.14,83,2025
1317,Student_1317,Male,EEE,7.97,87,2025
1318,Student_1318,Male,Civil,9.5,77,2025
1319,Student_1319,Male,ECE,6.68,79,2025
1320,Student_1320,Female,EEE,5.53,69,2025
1321,Student_1321,Female,CSE,6.11,61,2025
1322,Student_1322,Male,IT,7.78,84,2025
1323,Student_1323,Female,Mechanical,6.97,83,2025
1324,Student_1324,Female,IT,6.89,96,2025
1325,Student_1325,Male,CSE,6.17,63,2025
1326,Student_1326,Male,EEE,7.41,87,2025
1327,Student_1327,Female,Civil,7.4,77,2025
1328,Student_1328,Male,Civil,5.99,87,2025
1329,Student_1329,Male,EEE,8.42,97,2025
1330,Student_1330,Female,Civil,8.37,62,2025
1331,Student_1331,Male,Mechanical,9.73,63,2025
1332,Student_1332,Male,ECE,6.8,73,2025
1333,Student_1333,Male,EEE,6.74,67,2025
1334,Student_1334,Male,Mechanical,8.71,71,2025
1335,Student_1335,Male,Mechanical,7.79,74,2025
1336,Student_1336,Female,CSE,7.21,62,2025
1337,Student_1337,Female,CSE,7.48,64,2025
1338,Student_1338,Female,Civil,7.35,85,2025
1339,Student_1339,Female,EEE,6,61,2025
1340,Student_1340,Female,ECE,8.95,89,2025
1341,Student_1341,Female,CSE,7.38,66,2025
1342,Student_1342,Male,Mechanical,8.03,93,2025
1343,Student_1343,Male,Mechanical,9.24,81,2025
1344,Student_1344,Male,EEE,8.85,64,2025
1345,Student_1345,Male,Civil,7.69,82,2025
1346,Student_1346,Female,IT,9.62,69,2025
1347,Student_1347,Male,CSE,6.13,72,2025
1348,Student_1348,Male,Civil,6.16,64,2025
1349,Student_1349,Male,IT,7.62,96,2025
1350,Student_1350,Female,IT,9.47,96,2025
1351,Student_1351,Female,IT,6.86,88,2025
1352,Student_1352,Male,Mechanical,7.4,79,2025
1353,Student_1353,Female,Civil,5.74,92,2025
1354,Student_1354,Male,EEE,7.49,62,2025
1355,Student_1355,Male,EEE,9.08,64,2025
1356,Student_1356,Male,Civil,8.05,84,2025
1357,Student_1357,Female,Civil,7.88,62,2025
1358,Student_1358,Female,Civil,8.3,80,2025
1359,Student_1359,Female,Civil,6.15,63,2025
1360,Student_1360,Female,CSE,8.99,81,2025
1361,Student_1361,Male,Civil,8.28,62,2025
1362,Student_1362,Male,IT,7.38,88,2025
1363,Student_1363,Male,EEE,7.1,78,2025
1364,Student_1364,Female,Mechanical,8.83,98,2025
1365,Student_1365,Male,IT,8.28,64,2025
1366,Student_1366,Female,CSE,7.9,84,2025
1367,Student_1367,Female,EEE,8.61,98,2025
1368,Student_1368,Male,EEE,5.85,69,2025
1369,Student_1369,Female,EEE,9.66,85,2025
1370,Student_1370,Male,Civil,8.55,65,2025
1371,Student_1371,Female,Civil,7.12,81,2025
1372,Student_1372,Male,IT,8.52,93,2025
1373,Student_1373,Male,IT,8.38,92,2025
1374,Student_1374,Female,CSE,7.06,71,2025
1375,Student_1375,Male,EEE,9.57,91,2025
1376,Student_1376,Male,ECE,9.8,69,2025
1377,Student_1377,Male,EEE,9.13,66,2025
1378,Student_1378,Male,IT,6.95,68,2025
1379,Student_1379,Female,ECE,6.2,70,2025
1380,Student_1380,Female,CSE,7.27,75,2025
1381,Student_1381,Female,Civil,6.73,88,2025
1382,Student_1382,Male,Civil,6.53,90,2025
1383,Student_1383,Male,EEE,8.42,96,2025
1384,Student_1384,Female,Mechanical,8.81,84,2025
1385,Student_1385,Female,ECE,9.01,98,2025
1386,Student_1386,Male,EEE,5.72,90,2025
1387,Student_1387,Female,Civil,9.52,93,2025
1388,Student_1388,Male,EEE,5.86,70,2025
1389,Student_1389,Female,Mechanical,9.39,69,2025
1390,Student_1390,Female,CSE,9.57,74,2025
1391,Student_1391,Female,EEE,9.5,86,2025
1392,Student_1392,Male,Mechanical,7.66,75,2025
1393,Student_1393,Female,CSE,7.11,61,2025
1394,Student_1394,Female,CSE,9.11,81,2025
1395,Student_1395,Male,ECE,5.66,90,2025
1396,Student_1396,Male,IT,7.52,60,2025
1397,Student_1397,Male,CSE,6.6,69,2025
1398,Student_1398,Female,CSE,8.84,75,2025
1399,Student_1399,Female,CSE,5.71,86,2025
1400,Student_1400,Female,CSE,5.98,91,2025
1401,Student_1401,Male,IT,7.72,75,2025
1402,Student_1402,Male,EEE,7.35,82,2025
1403,Student_1403,Male,Civil,7.29,65,2025
1404,Student_1404,Female,CSE,9.6,94,2025
1405,Student_1405,Male,Mechanical,9.26,62,2025
1406,Student_1406,Female,EEE,6.59,61,2025
1407,Student_1407,Female,CSE,6.98,66,2025
1408,Student_1408,Female,ECE,5.69,94,2025
1409,Student_1409,Female,IT,6.25,89,2025
1410,Student_1410,Female,IT,6.28,68,2025
1411,Student_1411,Male,IT,8.84,89,2025
1412,Student_1412,Male,EEE,6.37,72,2025
1413,Student_1413,Male,EEE,9.51,92,2025
1414,Student_1414,Female,Civil,7.54,62,2025
1415,Student_1415,Male,EEE,7.03,63,2025
1416,Student_1416,Female,EEE,6.04,83,2025
1417,Student_1417,Female,Mechanical,8.7,84,2025
1418,Student_1418,Female,ECE,7.63,91,2025
1419,Student_1419,Female,Civil,6.65,65,2025
1420,Student_1420,Female,CSE,7.35,71,2025
1421,Student_1421,Female,EEE,5.94,80,2025
1422,Student_1422,Female,EEE,7.42,87,2025
1423,Student_1423,Male,IT,7.41,88,2025
1424,Student_1424,Male,IT,9.24,82,2025
1425,Student_1425,Female,EEE,8.25,63,2025
1426,Student_1426,Male,IT,8.24,83,2025
1427,Student_1427,Male,CSE,6.11,98,2025
1428,Student_1428,Female,CSE,6.04,75,2025
1429,Student_1429,Female,EEE,7.15,96,2025
1430,Student_1430,Male,Civil,6.16,88,2025
1431,Student_1431,Female,EEE,7.41,64,2025
1432,Student_1432,Male,Civil,7.08,80,2025
1433,Student_1433,Female,ECE,9.63,61,2025
1434,Student_1434,Male,Mechanical,7.73,95,2025
1435,Student_1435,Male,EEE,8.83,88,2025
1436,Student_1436,Male,Civil,6.73,91,2025
1437,Student_1437,Male,CSE,6.08,64,2025
1438,Student_1438,Female,ECE,9.36,88,2025
1439,Student_1439,Male,IT,9.66,80,2025
1440,Student_1440,Female,IT,5.78,94,2025
1441,Student_1441,Female,EEE,9.16,71,2025
1442,Student_1442,Female,Civil,6.46,72,2025
1443,Student_1443,Male,ECE,8.9,61,2025
1444,Student_1444,Female,Civil,7.96,89,2025
1445,Student_1445,Male,Civil,9.3,64,2025
1446,Student_1446,Female,Mechanical,9.8,90,2025
1447,Student_1447,Female,Mechanical,9.04,64,2025
1448,Student_1448,Male,EEE,8.26,88,2025
1449,Student_1449,Female,IT,7.72,68,2025
1450,Student_1450,Male,ECE,7.36,63,2025
1451,Student_1451,Male,Civil,6.16,70,2025
1452,Student_1452,Male,EEE,9.52,74,2025
1453,Student_1453,Female,Civil,9.35,65,2025
1454,Student_1454,Female,ECE,8.23,95,2025
1455,Student_1455,Female,ECE,8.19,94,2025
1456,Student_1456,Male,Civil,8.26,97,2025
1457,Student_1457,Male,ECE,8.33,98,2025
1458,Student_1458,Female,Civil,5.68,61,2025
1459,Student_1459,Male,CSE,9.58,96,2025
1460,Student_1460,Female,IT,6.41,96,2025
1461,Student_1461,Female,Civil,8.25,91,2025
1462,Student_1462,Female,IT,9.61,90,2025
1463,Student_1463,Male,IT,7.25,89,2025
1464,Student_1464,Male,IT,5.76,88,2025
1465,Student_1465,Female,Mechanical,7.5,81,2025
1466,Student_1466,Male,EEE,9.2,80,2025
1467,Student_1467,Female,Mechanical,6.06,83,2025
1468,Student_1468,Male,EEE,6.54,67,2025
1469,Student_1469,Female,Mechanical,6.57,66,2025
1470,Student_1470,Male,EEE,9.57,86,2025
1471,Student_1471,Male,ECE,9,96,2025
1472,Student_1472,Female,ECE,8.78,91,2025
1473,Student_1473,Female,Mechanical,9.28,91,2025
1474,Student_1474,Male,CSE,9.56,92,2025
1475,Student_1475,Female,ECE,6.43,82,2025
1476,Student_1476,Male,CSE,6.71,98,2025
1477,Student_1477,Female,EEE,7.81,66,2025
1478,Student_1478,Female,ECE,9.29,83,2025
1479,Student_1479,Female,EEE,5.69,63,2025
1480,Student_1480,Male,EEE,7.88,64,2025
1481,Student_1481,Female,Civil,7.44,95,2025
1482,Student_1482,Female,Civil,8.43,67,2025
1483,Student_1483,Male,CSE,7.19,81,2025
1484,Student_1484,Female,ECE,6.36,92,2025
1485,Student_1485,Female,Civil,5.67,62,2025
1486,Student_1486,Male,IT,6.93,90,2025
1487,Student_1487,Female,ECE,8.11,92,2025
1488,Student_1488,Male,EEE,9.5,80,2025
1489,Student_1489,Male,Mechanical,9.76,79,2025
1490,Student_1490,Female,Civil,9.06,94,2025
1491,Student_1491,Female,IT,7.92,90,2025
1492,Student_1492,Male,EEE,6.92,67,2025
1493,Student_1493,Female,Civil,6.82,61,2025
1494,Student_1494,Female,EEE,9.66,97,2025
1495,Student_1495,Male,IT,5.72,90,2025
1496,Student_1496,Male,Civil,8.2,84,2025
1497,Student_1497,Male,IT,6.54,96,2025
1498,Student_1498,Male,ECE,5.58,80,2025
1499,Student_1499,Female,ECE,7.28,73,2025
1500,Student_1500,Female,Civil,8.83,90,2025
1501,Student_1501,Male,IT,6.09,73,2025
1502,Student_1502,Female,IT,7.56,84,2025
1503,Student_1503,Female,ECE,7.48,94,2025
1504,Student_1504,Female,Civil,7.02,76,2025
1505,Student_1505,Female,ECE,9.62,77,2025
1506,Student_1506,Female,ECE,9.55,79,2025
1507,Student_1507,Female,IT,6.39,91,2025
1508,Student_1508,Female,Mechanical,7,77,2025
1509,Student_1509,Female,CSE,7.97,94,2025
1510,Student_1510,Female,Mechanical,9.02,69,2025
1511,Student_1511,Female,CSE,6.74,65,2025
1512,Student_1512,Female,Mechanical,8.32,90,2025
1513,Student_1513,Male,ECE,9.06,77,2025
1514,Student_1514,Female,ECE,5.97,97,2025
1515,Student_1515,Male,ECE,5.72,93,2025
1516,Student_1516,Male,IT,6.5,66,2025
1517,Student_1517,Female,EEE,8.58,66,2025
1518,Student_1518,Male,CSE,9.65,70,2025
1519,Student_1519,Female,IT,9.52,90,2025
1520,Student_1520,Female,IT,6.36,78,2025
1521,Student_1521,Female,EEE,8.28,65,2025
1522,Student_1522,Male,Civil,8.68,62,2025
1523,Student_1523,Male,Mechanical,9.29,71,2025
1524,Student_1524,Male,Mechanical,8.89,71,2025
1525,Student_1525,Female,CSE,5.54,96,2025
1526,Student_1526,Male,EEE,6.72,94,2025
1527,Student_1527,Female,ECE,9.16,89,2025
1528,Student_1528,Female,ECE,8.98,81,2025
1529,Student_1529,Male,IT,7.47,76,2025
1530,Student_1530,Male,CSE,8.67,78,2025
1531,Student_1531,Male,ECE,8.13,85,2025
1532,Student_1532,Female,Civil,6.91,85,2025
1533,Student_1533,Male,ECE,9.72,90,2025
1534,Student_1534,Female,ECE,5.53,84,2025
1535,Student_1535,Male,Mechanical,8.74,81,2025
1536,Student_1536,Female,Civil,8.61,60,2025
1537,Student_1537,Female,IT,7.05,75,2025
1538,Student_1538,Male,IT,6.01,79,2025
1539,Student_1539,Male,Mechanical,8.45,79,2025
1540,Student_1540,Male,IT,9.44,78,2025
1541,Student_1541,Female,Civil,6.45,68,2025
1542,Student_1542,Female,ECE,7.46,98,2025
1543,Student_1543,Female,Mechanical,8.52,90,2025
1544,Student_1544,Male,ECE,8.43,98,2025
1545,Student_1545,Male,Civil,7.42,83,2025
1546,Student_1546,Male,Civil,5.98,95,2025
1547,Student_1547,Male,Civil,7.81,70,2025
1548,Student_1548,Female,Civil,7.4,73,2025
1549,Student_1549,Female,CSE,9.37,88,2025
1550,Student_1550,Male,Mechanical,6.07,86,2025
1551,Student_1551,Female,Civil,5.75,89,2025
1552,Student_1552,Female,IT,5.59,76,2025
1553,Student_1553,Male,IT,6.44,64,2025
1554,Student_1554,Male,Mechanical,6.98,64,2025
1555,Student_1555,Male,CSE,9.74,90,2025
1556,Student_1556,Male,EEE,7.26,68,2025
1557,Student_1557,Female,EEE,9.77,84,2025
1558,Student_1558,Female,Mechanical,7.12,94,2025
1559,Student_1559,Male,IT,9.2,67,2025
1560,Student_1560,Male,Civil,7.19,68,2025
1561,Student_1561,Male,CSE,8.75,79,2025
1562,Student_1562,Female,IT,8.59,87,2025
1563,Student_1563,Female,ECE,6.56,82,2025
1564,Student_1564,Male,EEE,6.31,67,2025
1565,Student_1565,Male,IT,7.3,61,2025
1566,Student_1566,Male,ECE,5.79,98,2025
1567,Student_1567,Male,Mechanical,8.07,63,2025
1568,Student_1568,Male,IT,5.69,88,2025
1569,Student_1569,Male,Civil,6.43,63,2025
1570,Student_1570,Male,Civil,9.77,74,2025
1571,Student_1571,Female,Civil,8.07,80,2025
1572,Student_1572,Male,EEE,9.27,93,2025
1573,Student_1573,Male,Mechanical,6.79,63,2025
1574,Student_1574,Male,IT,8.42,95,2025
1575,Student_1575,Female,CSE,9.68,84,2025
1576,Student_1576,Female,IT,7.29,69,2025
1577,Student_1577,Female,Mechanical,6.29,94,2025
1578,Student_1578,Female,ECE,9.15,79,2025
1579,Student_1579,Male,Mechanical,9.43,95,2025
1580,Student_1580,Female,Mechanical,7.9,68,2025
1581,Student_1581,Female,ECE,6.6,81,2025
1582,Student_1582,Male,Mechanical,9.14,65,2025
1583,Student_1583,Male,CSE,6.65,98,2025
1584,Student_1584,Male,CSE,6.31,97,2025
1585,Student_1585,Male,Mechanical,6.4,81,2025
1586,Student_1586,Female,CSE,6.41,72,2025
1587,Student_1587,Male,IT,9.8,90,2025
1588,Student_1588,Male,IT,8.1,73,2025
1589,Student_1589,Female,ECE,7.87,78,2025
1590,Student_1590,Female,Mechanical,7.79,82,2025
1591,Student_1591,Female,EEE,7.05,91,2025
1592,Student_1592,Female,CSE,8.95,90,2025
1593,Student_1593,Female,ECE,7.09,86,2025
1594,Student_1594,Male,Civil,9.22,69,2025
1595,Student_1595,Male,EEE,7.88,97,2025
1596,Student_1596,Female,EEE,6.16,81,2025
1597,Student_1597,Male,Mechanical,7.95,75,2025
1598,Student_1598,Female,Civil,8.31,81,2025
1599,Student_1599,Female,Mechanical,9.66,91,2025
1600,Student_1600,Female,ECE,8.65,82,2025
1601,Student_1601,Male,ECE,8.6,91,2025
1602,Student_1602,Male,Civil,9.76,63,2025
1603,Student_1603,Male,CSE,9.56,63,2025
1604,Student_1604,Male,Mechanical,6.09,74,2025
1605,Student_1605,Male,IT,6.15,73,2025
1606,Student_1606,Female,EEE,5.76,90,2025
1607,Student_1607,Female,CSE,5.53,95,2025
1608,Student_1608,Female,CSE,5.57,77,2025
1609,Student_1609,Female,CSE,7.66,87,2025
1610,Student_1610,Male,CSE,9.45,93,2025
1611,Student_1611,Male,ECE,6.33,93,2025
1612,Student_1612,Female,EEE,6.65,85,2025
1613,Student_1613,Male,EEE,9.62,89,2025
1614,Student_1614,Male,IT,6.47,65,2025
1615,Student_1615,Male,CSE,7.24,84,2025
1616,Student_1616,Female,CSE,8.24,70,2025
1617,Student_1617,Male,Mechanical,9.13,81,2025
1618,Student_1618,Male,Civil,9.45,74,2025
1619,Student_1619,Male,IT,9.32,90,2025
1620,Student_1620,Female,CSE,9.47,77,2025
1621,Student_1621,Male,ECE,9.49,80,2025
1622,Student_1622,Male,ECE,8.02,85,2025
1623,Student_1623,Male,EEE,6.2,75,2025
1624,Student_1624,Female,IT,9.36,81,2025
1625,Student_1625,Female,IT,6.1,65,2025
1626,Student_1626,Female,CSE,5.92,74,2025
1627,Student_1627,Male,EEE,8.1,98,2025
1628,Student_1628,Female,EEE,5.63,77,2025
1629,Student_1629,Female,Mechanical,6.48,95,2025
1630,Student_1630,Female,Mechanical,6.3,97,2025
1631,Student_1631,Female,CSE,8.82,78,2025
1632,Student_1632,Male,IT,5.82,77,2025
1633,Student_1633,Male,Mechanical,8.56,69,2025
1634,Student_1634,Female,EEE,7.05,65,2025
1635,Student_1635,Male,EEE,7.41,77,2025
1636,Student_1636,Male,ECE,5.88,87,2025
1637,Student_1637,Female,Civil,7.89,86,2025
1638,Student_1638,Male,CSE,5.89,95,2025
1639,Student_1639,Male,Civil,8.07,80,2025
1640,Student_1640,Female,CSE,6.75,84,2025
1641,Student_1641,Male,IT,9.37,75,2025
1642,Student_1642,Male,IT,7.14,68,2025
1643,Student_1643,Female,EEE,6.65,69,2025
1644,Student_1644,Male,ECE,7.37,86,2025
1645,Student_1645,Female,Mechanical,8.87,83,2025
1646,Student_1646,Female,ECE,8.6,91,2025
1647,Student_1647,Male,Mechanical,5.96,79,2025
1648,Student_1648,Male,Mechanical,6.93,84,2025
1649,Student_1649,Female,Mechanical,6.94,98,2025
1650,Student_1650,Male,EEE,6.88,72,2025
1651,Student_1651,Female,EEE,6.26,85,2025
1652,Student_1652,Female,EEE,8.66,91,2025
1653,Student_1653,Male,EEE,7.12,85,2025
1654,Student_1654,Female,CSE,9.51,72,2025
1655,Student_1655,Male,IT,8.8,61,2025
1656,Student_1656,Female,IT,6.4,78,2025
1657,Student_1657,Male,Mechanical,8.39,68,2025
1658,Student_1658,Female,ECE,6.59,69,2025
1659,Student_1659,Female,Mechanical,5.82,98,2025
1660,Student_1660,Female,Civil,7.22,92,2025
1661,Student_1661,Female,Civil,5.66,83,2025
1662,Student_1662,Male,CSE,8.81,82,2025
1663,Student_1663,Male,IT,8.13,96,2025
1664,Student_1664,Female,EEE,9.65,87,2025
1665,Student_1665,Male,CSE,5.92,74,2025
1666,Student_1666,Male,Mechanical,7.11,89,2025
1667,Student_1667,Male,EEE,9.79,90,2025
1668,Student_1668,Male,EEE,7.29,65,2025
1669,Student_1669,Male,IT,6.11,79,2025
1670,Student_1670,Female,Mechanical,8.87,93,2025
1671,Student_1671,Female,EEE,7.55,88,2025
1672,Student_1672,Female,EEE,5.79,62,2025
1673,Student_1673,Male,CSE,9.15,66,2025
1674,Student_1674,Male,IT,6.55,71,2025
1675,Student_1675,Male,EEE,7.91,89,2025
1676,Student_1676,Male,Mechanical,8.21,71,2025
1677,Student_1677,Female,Mechanical,5.63,72,2025
1678,Student_1678,Female,Civil,7.35,60,2025
1679,Student_1679,Male,ECE,6.7,64,2025
1680,Student_1680,Male,Civil,6.3,80,2025
1681,Student_1681,Male,Mechanical,5.99,91,2025
1682,Student_1682,Female,Civil,7.17,85,2025
1683,Student_1683,Male,EEE,7.01,89,2025
1684,Student_1684,Male,IT,8.54,79,2025
1685,Student_1685,Male,IT,6.08,67,2025
1686,Student_1686,Male,EEE,6,83,2025
1687,Student_1687,Male,Civil,7.17,98,2025
1688,Student_1688,Male,Civil,7.15,71,2025
1689,Student_1689,Female,IT,7.81,71,2025
1690,Student_1690,Male,Mechanical,6.74,71,2025
1691,Student_1691,Female,Mechanical,8.16,82,2025
1692,Student_1692,Male,Mechanical,6.09,84,2025
1693,Student_1693,Female,Mechanical,8.44,86,2025
1694,Student_1694,Female,Mechanical,6.22,96,2025
1695,Student_1695,Male,ECE,6.76,77,2025
1696,Student_1696,Male,Civil,6.74,89,2025
1697,Student_1697,Female,Civil,7.7,96,2025
1698,Student_1698,Male,EEE,8.83,83,2025
1699,Student_1699,Male,IT,7.4,73,2025
1700,Student_1700,Female,CSE,8.66,75,2025
1701,Student_1701,Female,CSE,7.43,82,2025
1702,Student_1702,Male,Mechanical,9.22,67,2025
1703,Student_1703,Male,ECE,8.99,97,2025
1704,Student_1704,Female,IT,8.12,87,2025
1705,Student_1705,Male,Civil,6.1,73,2025
1706,Student_1706,Male,CSE,7.95,94,2025
1707,Student_1707,Female,Civil,7.82,80,2025
1708,Student_1708,Female,EEE,7.96,92,2025
1709,Student_1709,Male,ECE,9.64,86,2025
1710,Student_1710,Male,EEE,9.23,68,2025
1711,Student_1711,Male,ECE,6.13,80,2025
1712,Student_1712,Male,IT,7.19,69,2025
1713,Student_1713,Female,IT,7.28,88,2025
1714,Student_1714,Male,IT,8.92,65,2025
1715,Student_1715,Female,Civil,8.72,83,2025
1716,Student_1716,Female,Mechanical,6.91,60,2025
1717,Student_1717,Male,IT,9.68,82,2025
1718,Student_1718,Male,Civil,7.21,87,2025
1719,Student_1719,Male,Mechanical,6.65,78,2025
1720,Student_1720,Female,Civil,7.99,96,2025
1721,Student_1721,Female,EEE,9.34,63,2025
1722,Student_1722,Male,CSE,8.19,89,2025
1723,Student_1723,Male,CSE,9.5,70,2025
1724,Student_1724,Female,Mechanical,5.5,87,2025
1725,Student_1725,Male,IT,9.41,79,2025
1726,Student_1726,Male,EEE,5.9,83,2025
1727,Student_1727,Female,CSE,7.1,70,2025
1728,Student_1728,Male,Mechanical,8.19,74,2025
1729,Student_1729,Female,IT,5.89,66,2025
1730,Student_1730,Male,ECE,7.55,68,2025
1731,Student_1731,Male,Civil,8.42,60,2025
1732,Student_1732,Male,IT,6.98,67,2025
1733,Student_1733,Female,IT,6.07,64,2025
1734,Student_1734,Male,Mechanical,5.88,66,2025
1735,Student_1735,Male,EEE,7.08,79,2025
1736,Student_1736,Male,Mechanical,8.83,68,2025
1737,Student_1737,Male,CSE,7.78,60,2025
1738,Student_1738,Male,Mechanical,7.01,73,2025
1739,Student_1739,Male,Mechanical,8.15,88,2025
1740,Student_1740,Male,CSE,9.36,68,2025
1741,Student_1741,Male,Civil,8.64,82,2025
1742,Student_1742,Female,EEE,8.9,75,2025
1743,Student_1743,Female,IT,5.86,95,2025
1744,Student_1744,Female,IT,5.62,79,2025
1745,Student_1745,Male,Civil,8.11,72,2025
1746,Student_1746,Female,EEE,8.28,75,2025
1747,Student_1747,Female,Mechanical,5.98,91,2025
1748,Student_1748,Male,Civil,9.32,60,2025
1749,Student_1749,Female,EEE,6.07,96,2025
1750,Student_1750,Female,EEE,7.85,71,2025
1751,Student_1751,Female,CSE,5.57,64,2025
1752,Student_1752,Male,EEE,6.43,63,2025
1753,Student_1753,Female,Civil,6.73,92,2025
1754,Student_1754,Female,Mechanical,8.52,65,2025
1755,Student_1755,Male,EEE,5.86,65,2025
1756,Student_1756,Male,ECE,7.81,85,2025
1757,Student_1757,Male,EEE,8.5,75,2025
1758,Student_1758,Male,ECE,5.87,87,2025
1759,Student_1759,Male,Mechanical,8.13,63,2025
1760,Student_1760,Female,IT,8.69,71,2025
1761,Student_1761,Male,CSE,8.54,60,2025
1762,Student_1762,Male,Mechanical,9.6,93,2025
1763,Student_1763,Female,ECE,7.1,77,2025
1764,Student_1764,Male,CSE,6.94,87,2025
1765,Student_1765,Female,Civil,5.77,96,2025
1766,Student_1766,Male,Mechanical,7.46,83,2025
1767,Student_1767,Male,Mechanical,9.2,70,2025
1768,Student_1768,Female,ECE,6.6,66,2025
1769,Student_1769,Male,ECE,8.69,60,2025
1770,Student_1770,Male,CSE,6.55,90,2025
1771,Student_1771,Female,Mechanical,9.46,71,2025
1772,Student_1772,Male,Civil,8.95,86,2025
1773,Student_1773,Male,EEE,6.57,80,2025
1774,Student_1774,Female,CSE,7.96,67,2025
1775,Student_1775,Male,ECE,6.46,93,2025
1776,Student_1776,Male,Mechanical,5.8,89,2025
1777,Student_1777,Female,EEE,6.91,95,2025
1778,Student_1778,Female,CSE,7.09,78,2025
1779,Student_1779,Female,IT,8.18,89,2025
1780,Student_1780,Female,Civil,9.68,72,2025
1781,Student_1781,Male,ECE,5.53,86,2025
1782,Student_1782,Male,ECE,7.83,60,2025
1783,Student_1783,Female,CSE,8.76,84,2025
1784,Student_1784,Female,CSE,6.38,75,2025
1785,Student_1785,Female,Mechanical,9.63,69,2025
1786,Student_1786,Female,CSE,5.69,74,2025
1787,Student_1787,Female,IT,9.35,89,2025
1788,Student_1788,Male,Civil,5.91,68,2025
1789,Student_1789,Female,CSE,8.05,63,2025
1790,Student_1790,Female,IT,9.65,75,2025
1791,Student_1791,Female,EEE,9.16,85,2025
1792,Student_1792,Female,EEE,7.45,74,2025
1793,Student_1793,Male,ECE,6.09,97,2025
1794,Student_1794,Male,ECE,5.95,88,2025
1795,Student_1795,Female,EEE,7.25,94,2025
1796,Student_1796,Female,ECE,7.44,89,2025
1797,Student_1797,Female,CSE,5.89,79,2025
1798,Student_1798,Male,ECE,9.09,80,2025
1799,Student_1799,Male,CSE,8.56,82,2025
1800,Student_1800,Female,Civil,5.71,79,2025
1801,Student_1801,Female,ECE,5.63,85,2025
1802,Student_1802,Female,Civil,8.72,75,2025
1803,Student_1803,Male,Mechanical,5.94,68,2025
1804,Student_1804,Male,CSE,5.77,74,2025
1805,Student_1805,Male,ECE,9.04,83,2025
1806,Student_1806,Male,Civil,8.02,64,2025
1807,Student_1807,Male,CSE,6.35,88,2025
1808,Student_1808,Male,CSE,9.39,81,2025
1809,Student_1809,Male,CSE,9.55,63,2025
1810,Student_1810,Male,Civil,7.36,85,2025
1811,Student_1811,Female,CSE,7.15,87,2025
1812,Student_1812,Male,EEE,6.42,71,2025
1813,Student_1813,Female,EEE,7.42,69,2025
1814,Student_1814,Male,Civil,8.16,75,2025
1815,Student_1815,Female,Mechanical,7.27,95,2025
1816,Student_1816,Female,CSE,5.88,84,2025
1817,Student_1817,Male,Mechanical,6.36,93,2025
1818,Student_1818,Male,IT,9.77,94,2025
1819,Student_1819,Male,Mechanical,8.86,82,2025
1820,Student_1820,Female,Civil,8.86,82,2025
1821,Student_1821,Female,Mechanical,6.66,61,2025
1822,Student_1822,Female,Civil,6.44,77,2025
1823,Student_1823,Male,Mechanical,7.78,97,2025
1824,Student_1824,Male,ECE,5.93,75,2025
1825,Student_1825,Female,Civil,9.01,63,2025
1826,Student_1826,Male,Civil,9.14,84,2025
1827,Student_1827,Female,ECE,6.26,97,2025
1828,Student_1828,Female,IT,8.5,97,2025
1829,Student_1829,Male,IT,8.51,96,2025
1830,Student_1830,Male,Civil,9.58,91,2025
1831,Student_1831,Female,ECE,7.61,65,2025
1832,Student_1832,Male,ECE,8.09,61,2025
1833,Student_1833,Female,CSE,6.93,72,2025
1834,Student_1834,Male,EEE,8.58,80,2025
1835,Student_1835,Male,CSE,6.14,69,2025
1836,Student_1836,Male,Civil,9.2,64,2025
1837,Student_1837,Female,IT,9.55,85,2025
1838,Student_1838,Male,EEE,6.8,68,2025
1839,Student_1839,Male,IT,9.58,91,2025
1840,Student_1840,Female,ECE,8.54,95,2025
1841,Student_1841,Female,ECE,8.36,71,2025
1842,Student_1842,Female,EEE,8.66,78,2025
1843,Student_1843,Male,ECE,8.63,96,2025
1844,Student_1844,Female,Civil,5.64,98,2025
1845,Student_1845,Female,Civil,6.45,96,2025
1846,Student_1846,Male,Mechanical,6.1,64,2025
1847,Student_1847,Male,EEE,9.72,70,2025
1848,Student_1848,Male,IT,8.38,81,2025
1849,Student_1849,Female,CSE,6.64,75,2025
1850,Student_1850,Male,EEE,6.6,66,2025
1851,Student_1851,Male,CSE,7.16,86,2025
1852,Student_1852,Male,Mechanical,7.62,84,2025
1853,Student_1853,Female,Civil,7.11,90,2025
1854,Student_1854,Male,ECE,7.44,62,2025
1855,Student_1855,Female,CSE,6.87,66,2025
1856,Student_1856,Male,EEE,6.23,84,2025
1857,Student_1857,Male,IT,5.82,65,2025
1858,Student_1858,Female,Civil,9.74,90,2025
1859,Student_1859,Male,Mechanical,9.55,70,2025
1860,Student_1860,Female,ECE,5.73,81,2025
1861,Student_1861,Male,ECE,7.26,95,2025
1862,Student_1862,Female,IT,6.71,75,2025
1863,Student_1863,Male,CSE,7.19,95,2025
1864,Student_1864,Female,ECE,5.73,60,2025
1865,Student_1865,Female,CSE,6.77,98,2025
1866,Student_1866,Female,ECE,5.92,73,2025
1867,Student_1867,Male,IT,6.75,65,2025
1868,Student_1868,Female,CSE,6.83,85,2025
1869,Student_1869,Female,Mechanical,9.35,76,2025
1870,Student_1870,Male,IT,7.84,71,2025
1871,Student_1871,Female,Mechanical,7.09,88,2025
1872,Student_1872,Male,EEE,7.39,76,2025
1873,Student_1873,Male,EEE,7.93,69,2025
1874,Student_1874,Male,CSE,8.37,94,2025
1875,Student_1875,Female,Civil,6.48,63,2025
1876,Student_1876,Female,Civil,7.3,94,2025
1877,Student_1877,Female,Civil,9.29,90,2025
1878,Student_1878,Female,CSE,7.2,62,2025
1879,Student_1879,Male,CSE,9.58,88,2025
1880,Student_1880,Male,ECE,9.68,72,2025
1881,Student_1881,Male,CSE,7.32,87,2025
1882,Student_1882,Male,IT,6.14,98,2025
1883,Student_1883,Female,EEE,9.42,64,2025
1884,Student_1884,Male,Mechanical,7.89,95,2025
1885,Student_1885,Female,EEE,7.73,60,2025
1886,Student_1886,Female,CSE,7.28,69,2025
1887,Student_1887,Male,CSE,7.92,66,2025
1888,Student_1888,Female,Civil,9.28,86,2025
1889,Student_1889,Female,Mechanical,8.32,96,2025
1890,Student_1890,Female,CSE,6.24,85,2025
1891,Student_1891,Male,Civil,8.12,85,2025
1892,Student_1892,Male,Mechanical,9.33,81,2025
1893,Student_1893,Male,CSE,8.71,77,2025
1894,Student_1894,Female,CSE,6.95,79,2025
1895,Student_1895,Female,EEE,9.12,66,2025
1896,Student_1896,Male,ECE,6.79,88,2025
1897,Student_1897,Female,EEE,8.63,98,2025
1898,Student_1898,Male,ECE,7.4,86,2025
1899,Student_1899,Female,Civil,9.23,63,2025
1900,Student_1900,Male,CSE,6.84,92,2025
1901,Student_1901,Female,ECE,8.86,93,2025
1902,Student_1902,Male,ECE,6.33,72,2025
1903,Student_1903,Male,ECE,5.64,63,2025
1904,Student_1904,Female,IT,6.36,83,2025
1905,Student_1905,Female,Civil,7.21,67,2025
1906,Student_1906,Male,ECE,7.1,98,2025
1907,Student_1907,Female,ECE,9.63,90,2025
1908,Student_1908,Female,EEE,6.2,76,2025
1909,Student_1909,Male,EEE,5.62,63,2025
1910,Student_1910,Male,Civil,8.85,73,2025
1911,Student_1911,Male,IT,6.47,73,2025
1912,Student_1912,Female,IT,7.26,61,2025
1913,Student_1913,Male,Mechanical,9.42,71,2025
1914,Student_1914,Male,ECE,6.59,79,2025
1915,Student_1915,Female,Mechanical,9.35,82,2025
1916,Student_1916,Female,EEE,6.44,79,2025
1917,Student_1917,Female,Civil,5.94,92,2025
1918,Student_1918,Female,Civil,8.28,98,2025
1919,Student_1919,Female,EEE,8.44,90,2025
1920,Student_1920,Male,EEE,9.75,80,2025
1921,Student_1921,Female,EEE,8.32,79,2025
1922,Student_1922,Male,ECE,7.72,75,2025
1923,Student_1923,Male,Civil,7.24,80,2025
1924,Student_1924,Male,IT,5.61,91,2025
1925,Student_1925,Female,EEE,9.4,85,2025
1926,Student_1926,Female,IT,5.65,96,2025
1927,Student_1927,Male,EEE,8.62,74,2025
1928,Student_1928,Female,IT,7.04,79,2025
1929,Student_1929,Male,IT,9.27,71,2025
1930,Student_1930,Female,CSE,7.52,76,2025
1931,Student_1931,Male,IT,9.37,65,2025
1932,Student_1932,Male,EEE,6.46,79,2025
1933,Student_1933,Female,EEE,7.1,97,2025
1934,Student_1934,Female,Mechanical,9.16,90,2025
1935,Student_1935,Male,IT,8.01,64,2025
1936,Student_1936,Female,ECE,7.65,84,2025
1937,Student_1937,Female,Mechanical,5.73,69,2025
1938,Student_1938,Male,ECE,6.97,96,2025
1939,Student_1939,Female,ECE,6.86,71,2025
1940,Student_1940,Male,Mechanical,6.93,71,2025
1941,Student_1941,Female,IT,5.75,88,2025
1942,Student_1942,Female,ECE,8.77,70,2025
1943,Student_1943,Male,Mechanical,8.88,65,2025
1944,Student_1944,Male,Civil,7.36,87,2025
1945,Student_1945,Female,Mechanical,9.65,84,2025
1946,Student_1946,Male,CSE,7.8,83,2025
1947,Student_1947,Male,EEE,8.75,93,2025
1948,Student_1948,Male,CSE,8.41,75,2025
1949,Student_1949,Male,IT,9.27,79,2025
1950,Student_1950,Male,CSE,7.15,97,2025
1951,Student_1951,Female,ECE,5.78,62,2025
1952,Student_1952,Female,EEE,7.46,93,2025
1953,Student_1953,Female,Mechanical,9.32,68,2025
1954,Student_1954,Female,Mechanical,7.04,72,2025
1955,Student_1955,Male,Mechanical,5.58,74,2025
1956,Student_1956,Male,ECE,8.66,97,2025
1957,Student_1957,Male,CSE,7.08,62,2025
1958,Student_1958,Female,IT,6.6,94,2025
1959,Student_1959,Male,Civil,9.78,66,2025
1960,Student_1960,Male,CSE,8.47,86,2025
1961,Student_1961,Female,Mechanical,6.03,76,2025
1962,Student_1962,Female,IT,6.16,60,2025
1963,Student_1963,Female,Mechanical,8.35,93,2025
1964,Student_1964,Female,Civil,8.1,68,2025
1965,Student_1965,Female,CSE,7.7,67,2025
1966,Student_1966,Female,CSE,8.87,91,2025
1967,Student_1967,Male,Civil,6.36,76,2025
1968,Student_1968,Male,EEE,8.52,78,2025
1969,Student_1969,Male,CSE,7.86,73,2025
1970,Student_1970,Female,EEE,6.51,60,2025
1971,Student_1971,Male,CSE,9.09,91,2025
1972,Student_1972,Male,CSE,8.85,64,2025
1973,Student_1973,Male,EEE,8.27,89,2025
1974,Student_1974,Female,EEE,7.5,66,2025
1975,Student_1975,Male,CSE,9.16,83,2025
1976,Student_1976,Female,Mechanical,8.68,66,2025
1977,Student_1977,Male,CSE,9.16,70,2025
1978,Student_1978,Female,EEE,9.35,77,2025
1979,Student_1979,Male,EEE,9,71,2025
1980,Student_1980,Male,Mechanical,7.22,89,2025
1981,Student_1981,Female,Mechanical,8.47,90,2025
1982,Student_1982,Female,IT,9.31,70,2025
1983,Student_1983,Male,ECE,8.49,63,2025
1984,Student_1984,Male,CSE,7.29,97,2025
1985,Student_1985,Female,Civil,8.42,71,2025
1986,Student_1986,Female,EEE,8.13,68,2025
1987,Student_1987,Female,Mechanical,5.99,86,2025
1988,Student_1988,Female,CSE,5.77,80,2025
1989,Student_1989,Male,IT,9.23,93,2025
1990,Student_1990,Male,IT,9.25,93,2025
1991,Student_1991,Male,Mechanical,8.35,75,2025
1992,Student_1992,Female,EEE,8.35,84,2025
1993,Student_1993,Male,Civil,9.34,63,2025
1994,Student_1994,Male,IT,9.52,92,2025
1995,Student_1995,Female,Mechanical,9.24,64,2025
1996,Student_1996,Female,EEE,6.54,77,2025
1997,Student_1997,Male,Civil,6.46,84,2025
1998,Student_1998,Female,ECE,5.84,88,2025
1999,Student_1999,Female,CSE,9.18,88,2025
2000,Student_2000,Female,CSE,9.72,61,2025
2001,Student_2001,Male,Mechanical,7.27,95,2025
2002,Student_2002,Male,CSE,8.9,79,2025
2003,Student_2003,Male,IT,8.39,81,2025
2004,Student_2004,Female,CSE,9.01,89,2025
2005,Student_2005,Female,Civil,8.8,98,2025
2006,Student_2006,Female,IT,8.33,88,2025
2007,Student_2007,Male,CSE,8.77,74,2025
2008,Student_2008,Male,EEE,7.03,78,2025
2009,Student_2009,Female,IT,5.96,70,2025
2010,Student_2010,Female,ECE,9.03,86,2025
2011,Student_2011,Male,EEE,8.13,72,2025
2012,Student_2012,Male,Mechanical,6.43,72,2025
2013,Student_2013,Female,CSE,8.76,62,2025
2014,Student_2014,Male,Mechanical,7.47,97,2025
2015,Student_2015,Male,Mechanical,5.52,63,2025
2016,Student_2016,Female,Civil,7.58,92,2025
2017,Student_2017,Male,IT,7.99,68,2025
2018,Student_2018,Male,Mechanical,8.33,98,2025
2019,Student_2019,Female,Civil,9.29,86,2025
2020,Student_2020,Male,EEE,7.21,81,2025
2021,Student_2021,Female,Mechanical,8.96,68,2025
2022,Student_2022,Female,Civil,8.51,92,2025
2023,Student_2023,Female,IT,7.86,80,2025
2024,Student_2024,Male,ECE,6.4,78,2025
2025,Student_2025,Female,IT,6.07,71,2025
2026,Student_2026,Female,IT,6,82,2025
2027,Student_2027,Female,Civil,7.95,86,2025
2028,Student_2028,Female,Mechanical,8.98,93,2025
2029,Student_2029,Male,CSE,7.14,63,2025
2030,Student_2030,Male,ECE,6.65,70,2025
2031,Student_2031,Female,IT,6.58,63,2025
2032,Student_2032,Female,ECE,8.74,62,2025
2033,Student_2033,Female,Mechanical,5.94,95,2025
2034,Student_2034,Male,IT,8.28,84,2025
2035,Student_2035,Male,Civil,8.87,78,2025
2036,Student_2036,Male,Mechanical,7.17,80,2025
2037,Student_2037,Male,CSE,8.7,72,2025
2038,Student_2038,Female,ECE,9.42,83,2025
2039,Student_2039,Male,IT,9.65,78,2025
2040,Student_2040,Female,ECE,9.73,64,2025
2041,Student_2041,Male,ECE,8.66,67,2025
2042,Student_2042,Female,CSE,7.34,95,2025
2043,Student_2043,Female,ECE,6.19,76,2025
2044,Student_2044,Male,EEE,7.51,69,2025
2045,Student_2045,Male,ECE,9.49,98,2025
2046,Student_2046,Male,IT,8.15,79,2025
2047,Student_2047,Female,Civil,7.87,64,2025
2048,Student_2048,Female,Civil,6.45,71,2025
2049,Student_2049,Male,Civil,6.19,94,2025
2050,Student_2050,Female,CSE,7,73,2025
2051,Student_2051,Female,EEE,7.05,73,2025
2052,Student_2052,Female,Civil,9.04,60,2025
2053,Student_2053,Male,IT,6.99,75,2025
2054,Student_2054,Male,CSE,8.43,80,2025
2055,Student_2055,Female,CSE,7.16,94,2025
2056,Student_2056,Female,CSE,9.42,83,2025
2057,Student_2057,Female,Mechanical,5.69,72,2025
2058,Student_2058,Female,Civil,5.85,66,2025
2059,Student_2059,Male,Civil,7.79,64,2025
2060,Student_2060,Male,IT,8.21,73,2025
2061,Student_2061,Female,CSE,6.38,87,2025
2062,Student_2062,Male,IT,8.45,61,2025
2063,Student_2063,Female,IT,6.93,65,2025
2064,Student_2064,Male,CSE,6.27,76,2025
2065,Student_2065,Male,Civil,9.03,76,2025
2066,Student_2066,Female,Mechanical,7.44,85,2025
2067,Student_2067,Female,EEE,5.57,67,2025
2068,Student_2068,Male,IT,8.6,64,2025
2069,Student_2069,Male,IT,9.15,82,2025
2070,Student_2070,Male,EEE,8.88,79,2025
2071,Student_2071,Male,EEE,8.79,88,2025
2072,Student_2072,Female,Mechanical,9.04,61,2025
2073,Student_2073,Female,ECE,7.79,68,2025
2074,Student_2074,Female,Civil,6.77,69,2025
2075,Student_2075,Female,IT,9.31,83,2025
2076,Student_2076,Male,Civil,9.26,69,2025
2077,Student_2077,Male,CSE,5.52,98,2025
2078,Student_2078,Female,Civil,7.85,65,2025
2079,Student_2079,Female,ECE,8.72,82,2025
2080,Student_2080,Male,Mechanical,9.39,92,2025
2081,Student_2081,Male,ECE,6.29,76,2025
2082,Student_2082,Male,CSE,6.28,96,2025
2083,Student_2083,Male,Civil,7.48,95,2025
2084,Student_2084,Male,EEE,8.39,76,2025
2085,Student_2085,Male,ECE,8.62,91,2025
2086,Student_2086,Female,EEE,6.05,75,2025
2087,Student_2087,Male,EEE,8.16,72,2025
2088,Student_2088,Female,Mechanical,7.44,79,2025
2089,Student_2089,Male,Civil,7.94,80,2025
2090,Student_2090,Female,ECE,5.52,75,2025
2091,Student_2091,Male,IT,8.68,87,2025
2092,Student_2092,Female,EEE,6.08,81,2025
2093,Student_2093,Female,Mechanical,7.42,79,2025
2094,Student_2094,Female,Civil,5.97,98,2025
2095,Student_2095,Male,EEE,9.19,68,2025
2096,Student_2096,Male,EEE,8.65,64,2025
2097,Student_2097,Male,CSE,9.15,61,2025
2098,Student_2098,Female,Civil,6.41,62,2025
2099,Student_2099,Female,Civil,9.34,94,2025
2100,Student_2100,Female,IT,8.83,83,2025
2101,Student_2101,Female,ECE,9.33,97,2025
2102,Student_2102,Female,ECE,7.5,92,2025
2103,Student_2103,Male,Mechanical,7.06,60,2025
2104,Student_2104,Male,Civil,8.44,92,2025
2105,Student_2105,Male,Mechanical,6.18,96,2025
2106,Student_2106,Male,IT,8.65,82,2025
2107,Student_2107,Male,ECE,8.77,74,2025
2108,Student_2108,Male,EEE,7.09,62,2025
2109,Student_2109,Male,Civil,9.4,83,2025
2110,Student_2110,Female,Mechanical,9.45,62,2025
2111,Student_2111,Male,IT,6.89,93,2025
2112,Student_2112,Female,IT,6.63,94,2025
2113,Student_2113,Male,Mechanical,8.31,83,2025
2114,Student_2114,Male,Civil,6.58,74,2025
2115,Student_2115,Female,EEE,9.01,82,2025
2116,Student_2116,Female,Mechanical,9.31,60,2025
2117,Student_2117,Male,Mechanical,6.21,64,2025
2118,Student_2118,Female,ECE,6.15,70,2025
2119,Student_2119,Female,Civil,8.58,67,2025
2120,Student_2120,Male,Mechanical,8.99,67,2025
2121,Student_2121,Female,IT,7.56,73,2025
2122,Student_2122,Male,IT,9.08,61,2025
2123,Student_2123,Male,CSE,6.05,97,2025
2124,Student_2124,Male,ECE,8.21,62,2025
2125,Student_2125,Male,CSE,6.22,71,2025
2126,Student_2126,Female,Civil,9.67,61,2025
2127,Student_2127,Female,CSE,6.43,98,2025
2128,Student_2128,Female,Mechanical,6.23,86,2025
2129,Student_2129,Male,Civil,9.03,71,2025
2130,Student_2130,Female,ECE,8.61,81,2025
2131,Student_2131,Female,Civil,8.04,74,2025
2132,Student_2132,Female,Mechanical,6.07,61,2025
2133,Student_2133,Male,Civil,9.2,92,2025
2134,Student_2134,Female,ECE,8.1,71,2025
2135,Student_2135,Female,Civil,8.08,94,2025
2136,Student_2136,Male,CSE,7.57,68,2025
2137,Student_2137,Male,IT,8.29,93,2025
2138,Student_2138,Female,EEE,9.26,93,2025
2139,Student_2139,Female,ECE,9.54,90,2025
2140,Student_2140,Female,EEE,8.03,96,2025
2141,Student_2141,Male,Mechanical,6.08,90,2025
2142,Student_2142,Male,CSE,6.72,94,2025
2143,Student_2143,Female,EEE,6.31,60,2025
2144,Student_2144,Male,Civil,5.53,73,2025
2145,Student_2145,Female,Mechanical,7.06,69,2025
2146,Student_2146,Female,IT,8.02,76,2025
2147,Student_2147,Female,Civil,7.07,77,2025
2148,Student_2148,Female,ECE,7.28,95,2025
2149,Student_2149,Female,ECE,7.09,95,2025
2150,Student_2150,Female,EEE,9.75,96,2025
2151,Student_2151,Female,IT,7.21,68,2025
2152,Student_2152,Male,IT,6.49,70,2025
2153,Student_2153,Male,ECE,7.69,81,2025
2154,Student_2154,Male,ECE,7.17,60,2025
2155,Student_2155,Male,ECE,7.53,98,2025
2156,Student_2156,Female,CSE,5.78,74,2025
2157,Student_2157,Female,CSE,8.12,84,2025
2158,Student_2158,Female,Civil,8.32,78,2025
2159,Student_2159,Male,ECE,8.25,88,2025
2160,Student_2160,Male,ECE,9.16,93,2025
2161,Student_2161,Female,ECE,5.64,98,2025
2162,Student_2162,Male,Civil,6.23,62,2025
2163,Student_2163,Female,ECE,8.32,70,2025
2164,Student_2164,Male,EEE,8.85,82,2025
2165,Student_2165,Female,Mechanical,8.02,93,2025
2166,Student_2166,Male,IT,8.53,65,2025
2167,Student_2167,Female,IT,9.07,97,2025
2168,Student_2168,Female,EEE,9.64,77,2025
2169,Student_2169,Male,Civil,9.64,89,2025
2170,Student_2170,Female,Civil,5.52,71,2025
2171,Student_2171,Female,Civil,5.96,64,2025
2172,Student_2172,Female,EEE,9.57,92,2025
2173,Student_2173,Female,Civil,9,96,2025
2174,Student_2174,Female,IT,7.4,84,2025
2175,Student_2175,Female,ECE,8.76,89,2025
2176,Student_2176,Female,Civil,9.21,90,2025
2177,Student_2177,Male,EEE,5.79,74,2025
2178,Student_2178,Male,EEE,7.27,82,2025
2179,Student_2179,Male,IT,9.08,75,2025
2180,Student_2180,Female,CSE,7.22,81,2025
2181,Student_2181,Male,Civil,9.51,90,2025
2182,Student_2182,Female,EEE,6.44,96,2025
2183,Student_2183,Female,ECE,9.57,72,2025
2184,Student_2184,Female,IT,6.36,75,2025
2185,Student_2185,Female,ECE,6.49,75,2025
2186,Student_2186,Female,ECE,8.85,67,2025
2187,Student_2187,Male,IT,9.61,91,2025
2188,Student_2188,Male,Civil,9.62,90,2025
2189,Student_2189,Female,Civil,6.86,96,2025
2190,Student_2190,Female,Mechanical,6.29,92,2025
2191,Student_2191,Female,Mechanical,6.45,96,2025
2192,Student_2192,Male,CSE,7.76,87,2025
2193,Student_2193,Female,Civil,5.64,82,2025
2194,Student_2194,Female,IT,8.84,89,2025
2195,Student_2195,Male,IT,7.73,80,2025
2196,Student_2196,Male,CSE,8.4,84,2025
2197,Student_2197,Male,EEE,7.05,76,2025
2198,Student_2198,Male,Civil,6.63,77,2025
2199,Student_2199,Female,Civil,6.98,71,2025
2200,Student_2200,Female,Mechanical,6.41,83,2025
